<?xml version="1.0" encoding="utf-8"?>
<edmx:Edmx Version="1.0" xmlns:edmx="http://schemas.microsoft.com/ado/2007/06/edmx" xmlns:m="http://schemas.microsoft.com/ado/2007/08/dataservices/metadata" xmlns:sap="http://www.sap.com/Protocols/SAPData">
    <edmx:Reference Uri="https://a4h.kernich.de/sap/opu/odata/iwfnd/catalogservice;v=2/Vocabularies(TechnicalName='%2FIWBEP%2FVOC_AGGREGATION',Version='0001',SAP__Origin='')/$value" xmlns:edmx="http://docs.oasis-open.org/odata/ns/edmx">
        <edmx:Include Namespace="Org.OData.Aggregation.V1" Alias="Aggregation"/>
    </edmx:Reference>
    <edmx:Reference Uri="https://a4h.kernich.de/sap/opu/odata/iwfnd/catalogservice;v=2/Vocabularies(TechnicalName='%2FIWBEP%2FVOC_ANALYTICS',Version='0001',SAP__Origin='')/$value" xmlns:edmx="http://docs.oasis-open.org/odata/ns/edmx">
        <edmx:Include Namespace="com.sap.vocabularies.Analytics.v1" Alias="Analytics"/>
    </edmx:Reference>
    <edmx:Reference Uri="https://a4h.kernich.de/sap/opu/odata/iwfnd/catalogservice;v=2/Vocabularies(TechnicalName='%2FIWBEP%2FVOC_CAPABILITIES',Version='0001',SAP__Origin='')/$value" xmlns:edmx="http://docs.oasis-open.org/odata/ns/edmx">
        <edmx:Include Namespace="Org.OData.Capabilities.V1" Alias="Capabilities"/>
    </edmx:Reference>
    <edmx:Reference Uri="https://a4h.kernich.de/sap/opu/odata/iwfnd/catalogservice;v=2/Vocabularies(TechnicalName='%2FIWBEP%2FVOC_CODELIST',Version='0001',SAP__Origin='')/$value" xmlns:edmx="http://docs.oasis-open.org/odata/ns/edmx">
        <edmx:Include Namespace="com.sap.vocabularies.CodeList.v1" Alias="SAP__CodeList"/>
    </edmx:Reference>
    <edmx:Reference Uri="https://a4h.kernich.de/sap/opu/odata/iwfnd/catalogservice;v=2/Vocabularies(TechnicalName='%2FIWBEP%2FVOC_COMMON',Version='0001',SAP__Origin='')/$value" xmlns:edmx="http://docs.oasis-open.org/odata/ns/edmx">
        <edmx:Include Namespace="com.sap.vocabularies.Common.v1" Alias="Common"/>
        <edmx:Include Namespace="com.sap.vocabularies.Common.v1" Alias="SAP__common"/>
    </edmx:Reference>
    <edmx:Reference Uri="https://a4h.kernich.de/sap/opu/odata/iwfnd/catalogservice;v=2/Vocabularies(TechnicalName='%2FIWBEP%2FVOC_COMMUNICATION',Version='0001',SAP__Origin='')/$value" xmlns:edmx="http://docs.oasis-open.org/odata/ns/edmx">
        <edmx:Include Namespace="com.sap.vocabularies.Communication.v1" Alias="Communication"/>
    </edmx:Reference>
    <edmx:Reference Uri="https://a4h.kernich.de/sap/opu/odata/iwfnd/catalogservice;v=2/Vocabularies(TechnicalName='%2FIWBEP%2FVOC_CORE',Version='0001',SAP__Origin='')/$value" xmlns:edmx="http://docs.oasis-open.org/odata/ns/edmx">
        <edmx:Include Namespace="Org.OData.Core.V1" Alias="SAP__core"/>
    </edmx:Reference>
    <edmx:Reference Uri="https://a4h.kernich.de/sap/opu/odata/iwfnd/catalogservice;v=2/Vocabularies(TechnicalName='%2FIWBEP%2FVOC_MEASURES',Version='0001',SAP__Origin='')/$value" xmlns:edmx="http://docs.oasis-open.org/odata/ns/edmx">
        <edmx:Include Namespace="Org.OData.Measures.V1" Alias="Measures"/>
    </edmx:Reference>
    <edmx:Reference Uri="https://a4h.kernich.de/sap/opu/odata/iwfnd/catalogservice;v=2/Vocabularies(TechnicalName='%2FIWBEP%2FVOC_PDF',Version='0001',SAP__Origin='')/$value" xmlns:edmx="http://docs.oasis-open.org/odata/ns/edmx">
        <edmx:Include Namespace="com.sap.vocabularies.PDF.v1" Alias="SAP__PDF"/>
    </edmx:Reference>
    <edmx:Reference Uri="https://a4h.kernich.de/sap/opu/odata/iwfnd/catalogservice;v=2/Vocabularies(TechnicalName='%2FIWBEP%2FVOC_PERSONALDATA',Version='0001',SAP__Origin='')/$value" xmlns:edmx="http://docs.oasis-open.org/odata/ns/edmx">
        <edmx:Include Namespace="com.sap.vocabularies.PersonalData.v1" Alias="PersonalData"/>
    </edmx:Reference>
    <edmx:Reference Uri="https://a4h.kernich.de/sap/opu/odata/iwfnd/catalogservice;v=2/Vocabularies(TechnicalName='%2FIWBEP%2FVOC_UI',Version='0001',SAP__Origin='')/$value" xmlns:edmx="http://docs.oasis-open.org/odata/ns/edmx">
        <edmx:Include Namespace="com.sap.vocabularies.UI.v1" Alias="UI"/>
    </edmx:Reference>
    <edmx:Reference Uri="https://a4h.kernich.de/sap/opu/odata/iwfnd/catalogservice;v=2/Vocabularies(TechnicalName='%2FIWBEP%2FVOC_VALIDATION',Version='0001',SAP__Origin='')/$value" xmlns:edmx="http://docs.oasis-open.org/odata/ns/edmx">
        <edmx:Include Namespace="Org.OData.Validation.V1" Alias="Validation"/>
    </edmx:Reference>
    <edmx:Reference Uri="https://a4h.kernich.de/sap/opu/odata/iwfnd/catalogservice;v=2/Vocabularies(TechnicalName='SAP__SELF',Version='0001',SAP__Origin='')/$value" xmlns:edmx="http://docs.oasis-open.org/odata/ns/edmx">
        <edmx:Include Namespace="com.sap.vocabularies.PDF.v1" Alias="SAP__PDF"/>
    </edmx:Reference>
    <edmx:DataServices m:DataServiceVersion="2.0">
        <Schema Namespace="cds_zodpu_srv" xml:lang="de" sap:schema-version="1" xmlns="http://schemas.microsoft.com/ado/2008/09/edm">
            <EntityType Name="apcSetType" sap:content-version="1">
                <Key>
                    <PropertyRef Name="application_id"/>
                    <PropertyRef Name="version"/>
                </Key>
                <Property Name="application_id" Type="Edm.String" Nullable="false" MaxLength="30" sap:display-format="UpperCase" sap:label="ABAP-Push-Channel-Anwendungs-ID" sap:heading=""/>
                <Property Name="version" Type="Edm.String" Nullable="false" MaxLength="1" sap:display-format="UpperCase" sap:label="Programmstatus" sap:quickinfo="ABAP: Programmstatus (aktiv, gesichert, transportiert...)"/>
                <Property Name="path" Type="Edm.String" MaxLength="380" sap:label="APC-Anwendungspfad" sap:quickinfo="ABAP-Push-Channel-Anwendungspfad"/>
                <Property Name="class_name" Type="Edm.String" MaxLength="30" sap:display-format="UpperCase" sap:label="Klasse/Interface" sap:quickinfo="Objekttypname"/>
                <Property Name="protocol_type_id" Type="Edm.String" MaxLength="30" sap:display-format="UpperCase" sap:label="APC-WS-Protokolltyp" sap:quickinfo="APC-WebSocket-Protokolltyp-ID"/>
                <Property Name="amc_message_type_id" Type="Edm.String" MaxLength="30" sap:display-format="UpperCase" sap:label="Nachrichtentyp-ID" sap:quickinfo="Nachrichtentyp-ID für ABAP-Messaging-Channel-Nachrichten"/>
            </EntityType>
            <EntityType Name="serviceSetType" sap:content-version="1">
                <Key>
                    <PropertyRef Name="ServiceName"/>
                </Key>
                <Property Name="ServiceName" Type="Edm.String" Nullable="false"/>
                <Property Name="ODataType" Type="Edm.String" MaxLength="1"/>
                <Property Name="ServicePath" Type="Edm.String"/>
                <Property Name="Version" Type="Edm.String" MaxLength="4"/>
                <Property Name="Favorite" Type="Edm.String" MaxLength="1"/>
                <Property Name="Description" Type="Edm.String" MaxLength="60" sap:label="Kurzbeschreibung" sap:quickinfo="Erläuternder Kurztext"/>
                <Property Name="GroupId" Type="Edm.String" MaxLength="36" sap:display-format="UpperCase" sap:label="Gruppen-ID" sap:quickinfo="OData V4 - Gruppen-ID"/>
            </EntityType>
            <EntityType Name="odataProjectSetType" sap:content-version="1">
                <Key>
                    <PropertyRef Name="Uname"/>
                    <PropertyRef Name="ProjectName"/>
                </Key>
                <Property Name="Delete_mc" Type="Edm.Boolean" sap:label="Dyn. Methodensteuerg" sap:creatable="false" sap:updatable="false" sap:sortable="false" sap:filterable="false"/>
                <Property Name="Update_mc" Type="Edm.Boolean" sap:label="Dyn. Methodensteuerg" sap:creatable="false" sap:updatable="false" sap:sortable="false" sap:filterable="false"/>
                <Property Name="Uname" Type="Edm.String" Nullable="false" MaxLength="12" sap:display-format="UpperCase" sap:label="Benutzername"/>
                <Property Name="ProjectName" Type="Edm.String" Nullable="false" MaxLength="250"/>
                <Property Name="Odatatype" Type="Edm.String" MaxLength="1"/>
                <Property Name="ServiceName" Type="Edm.String" MaxLength="40" sap:display-format="UpperCase" sap:label="Externer Servicename" sap:quickinfo="Externer Servicedokumentname"/>
                <Property Name="ServiceVersion" Type="Edm.String" MaxLength="4" sap:display-format="NonNegative"/>
                <Property Name="EntityMethod" Type="Edm.String" MaxLength="10"/>
                <Property Name="EntityName" Type="Edm.String" MaxLength="10"/>
                <Property Name="FunctionName" Type="Edm.String" MaxLength="10"/>
                <Property Name="ActionName" Type="Edm.String" MaxLength="10"/>
                <Property Name="RequestType" Type="Edm.String" MaxLength="10"/>
                <Property Name="Top" Type="Edm.Byte"/>
                <Property Name="Skip" Type="Edm.Byte"/>
            </EntityType>
            <EntityType Name="SAP__Currency" sap:content-version="1">
                <Key>
                    <PropertyRef Name="CurrencyCode"/>
                </Key>
                <Property Name="CurrencyCode" Type="Edm.String" Nullable="false" MaxLength="5" sap:label="Währung" sap:semantics="currency-code"/>
                <Property Name="ISOCode" Type="Edm.String" Nullable="false" MaxLength="3" sap:label="Iso-Code"/>
                <Property Name="Text" Type="Edm.String" Nullable="false" MaxLength="15" sap:label="Kurztext"/>
                <Property Name="DecimalPlaces" Type="Edm.Byte" Nullable="false" sap:label="Dezimalen"/>
            </EntityType>
            <EntityType Name="SAP__UnitOfMeasure" sap:content-version="1">
                <Key>
                    <PropertyRef Name="UnitCode"/>
                </Key>
                <Property Name="UnitCode" Type="Edm.String" Nullable="false" MaxLength="3" sap:label="Interne Maßeinheit" sap:semantics="unit-of-measure"/>
                <Property Name="ISOCode" Type="Edm.String" Nullable="false" MaxLength="3" sap:label="ISO-Code"/>
                <Property Name="ExternalCode" Type="Edm.String" Nullable="false" MaxLength="3" sap:label="Kaufmännisch"/>
                <Property Name="Text" Type="Edm.String" Nullable="false" MaxLength="30" sap:label="Maßeinheitentext"/>
                <Property Name="DecimalPlaces" Type="Edm.Int16" sap:label="Dezimalstellen"/>
            </EntityType>
            <EntityType Name="SAP__DocumentDescription" sap:content-version="1">
                <Key>
                    <PropertyRef Name="Id"/>
                </Key>
                <Property Name="Id" Type="Edm.Guid" Nullable="false" sap:label="UUID"/>
                <Property Name="CreatedBy" Type="Edm.String" Nullable="false" MaxLength="12"/>
                <Property Name="CreatedAt" Type="Edm.DateTime" Nullable="false" Precision="0" sap:label="Zeitstempel"/>
                <Property Name="FileName" Type="Edm.String" Nullable="false" MaxLength="256"/>
                <Property Name="Title" Type="Edm.String" Nullable="false" MaxLength="256"/>
                <NavigationProperty Name="Format" Relationship="cds_zodpu_srv.to_format" FromRole="FromRole_to_format" ToRole="ToRole_to_format"/>
                <NavigationProperty Name="TableColumns" Relationship="cds_zodpu_srv.to_tablecolumns" FromRole="FromRole_to_tablecolumns" ToRole="ToRole_to_tablecolumns"/>
                <NavigationProperty Name="CoverPage" Relationship="cds_zodpu_srv.to_coverpage" FromRole="FromRole_to_coverpage" ToRole="ToRole_to_coverpage"/>
                <NavigationProperty Name="Signature" Relationship="cds_zodpu_srv.to_signature" FromRole="FromRole_to_signature" ToRole="ToRole_to_signature"/>
                <NavigationProperty Name="PDFStandard" Relationship="cds_zodpu_srv.to_pdfstandard" FromRole="FromRole_to_pdfstandard" ToRole="ToRole_to_pdfstandard"/>
            </EntityType>
            <EntityType Name="SAP__Format" sap:content-version="1">
                <Key>
                    <PropertyRef Name="Id"/>
                </Key>
                <Property Name="FitToPage" Type="cds_zodpu_srv.SAP__FitToPage" Nullable="false"/>
                <Property Name="Id" Type="Edm.Guid" Nullable="false" sap:label="UUID" sap:creatable="false" sap:updatable="false" sap:sortable="false" sap:filterable="false"/>
                <Property Name="FontSize" Type="Edm.Int32" Nullable="false" sap:creatable="false" sap:updatable="false" sap:sortable="false" sap:filterable="false"/>
                <Property Name="Orientation" Type="Edm.String" Nullable="false" MaxLength="10" sap:creatable="false" sap:updatable="false" sap:sortable="false" sap:filterable="false"/>
                <Property Name="PaperSize" Type="Edm.String" Nullable="false" MaxLength="10" sap:creatable="false" sap:updatable="false" sap:sortable="false" sap:filterable="false"/>
                <Property Name="BorderSize" Type="Edm.Int32" Nullable="false" sap:creatable="false" sap:updatable="false" sap:sortable="false" sap:filterable="false"/>
                <Property Name="MarginSize" Type="Edm.Int32" Nullable="false" sap:creatable="false" sap:updatable="false" sap:sortable="false" sap:filterable="false"/>
                <Property Name="FontName" Type="Edm.String" Nullable="false" MaxLength="255" sap:creatable="false" sap:updatable="false" sap:sortable="false" sap:filterable="false"/>
            </EntityType>
            <EntityType Name="SAP__PDFStandard" sap:content-version="1">
                <Key>
                    <PropertyRef Name="Id"/>
                </Key>
                <Property Name="Id" Type="Edm.Guid" Nullable="false" sap:label="UUID" sap:creatable="false" sap:updatable="false" sap:sortable="false" sap:filterable="false"/>
                <Property Name="UsePDFAConformance" Type="Edm.Boolean" Nullable="false" sap:creatable="false" sap:updatable="false" sap:sortable="false" sap:filterable="false"/>
                <Property Name="DoEnableAccessibility" Type="Edm.Boolean" Nullable="false" sap:label="Flag" sap:creatable="false" sap:updatable="false" sap:sortable="false" sap:filterable="false"/>
            </EntityType>
            <EntityType Name="SAP__TableColumns" sap:content-version="1">
                <Key>
                    <PropertyRef Name="Id"/>
                    <PropertyRef Name="Name"/>
                    <PropertyRef Name="Header"/>
                </Key>
                <Property Name="Id" Type="Edm.Guid" Nullable="false" sap:label="UUID" sap:creatable="false" sap:updatable="false" sap:sortable="false" sap:filterable="false"/>
                <Property Name="Name" Type="Edm.String" Nullable="false" MaxLength="256" sap:creatable="false" sap:updatable="false" sap:sortable="false" sap:filterable="false"/>
                <Property Name="Header" Type="Edm.String" Nullable="false" MaxLength="256" sap:creatable="false" sap:updatable="false" sap:sortable="false" sap:filterable="false"/>
                <Property Name="HorizontalAlignment" Type="Edm.String" Nullable="false" MaxLength="10" sap:creatable="false" sap:updatable="false" sap:sortable="false" sap:filterable="false"/>
            </EntityType>
            <EntityType Name="SAP__CoverPage" sap:content-version="1">
                <Key>
                    <PropertyRef Name="Title"/>
                    <PropertyRef Name="Id"/>
                    <PropertyRef Name="Name"/>
                </Key>
                <Property Name="Title" Type="Edm.String" Nullable="false" MaxLength="256" sap:creatable="false" sap:updatable="false" sap:sortable="false" sap:filterable="false"/>
                <Property Name="Id" Type="Edm.Guid" Nullable="false" sap:label="UUID" sap:creatable="false" sap:updatable="false" sap:sortable="false" sap:filterable="false"/>
                <Property Name="Name" Type="Edm.String" Nullable="false" MaxLength="256" sap:creatable="false" sap:updatable="false" sap:sortable="false" sap:filterable="false"/>
                <Property Name="Value" Type="Edm.String" Nullable="false" MaxLength="256" sap:creatable="false" sap:updatable="false" sap:sortable="false" sap:filterable="false"/>
            </EntityType>
            <EntityType Name="SAP__Signature" sap:content-version="1">
                <Key>
                    <PropertyRef Name="Id"/>
                </Key>
                <Property Name="Id" Type="Edm.Guid" Nullable="false" sap:label="UUID" sap:creatable="false" sap:updatable="false" sap:sortable="false" sap:filterable="false"/>
                <Property Name="DoSign" Type="Edm.Boolean" Nullable="false" sap:label="Flag" sap:creatable="false" sap:updatable="false" sap:sortable="false" sap:filterable="false"/>
                <Property Name="Reason" Type="Edm.String" Nullable="false" MaxLength="256" sap:creatable="false" sap:updatable="false" sap:sortable="false" sap:filterable="false"/>
            </EntityType>
            <EntityType Name="SAP__ValueHelp" sap:content-version="1">
                <Key>
                    <PropertyRef Name="VALUEHELP"/>
                </Key>
                <Property Name="VALUEHELP" Type="Edm.String" Nullable="false"/>
                <Property Name="FIELD_VALUE" Type="Edm.String" Nullable="false" MaxLength="10"/>
                <Property Name="DESCRIPTION" Type="Edm.String"/>
            </EntityType>
            <ComplexType Name="SAP__FitToPage">
                <Property Name="ErrorRecoveryBehavior" Type="Edm.String" Nullable="false" MaxLength="8" sap:creatable="false" sap:updatable="false" sap:sortable="false" sap:filterable="false"/>
                <Property Name="IsEnabled" Type="Edm.Boolean" Nullable="false" sap:creatable="false" sap:updatable="false" sap:sortable="false" sap:filterable="false"/>
                <Property Name="MinimumFontSize" Type="Edm.Int32" Nullable="false" sap:creatable="false" sap:updatable="false" sap:sortable="false" sap:filterable="false"/>
            </ComplexType>
            <Association Name="to_format" sap:content-version="1">
                <End Type="cds_zodpu_srv.SAP__DocumentDescription" Multiplicity="1" Role="FromRole_to_format"/>
                <End Type="cds_zodpu_srv.SAP__Format" Multiplicity="1" Role="ToRole_to_format"/>
                <ReferentialConstraint>
                    <Principal Role="FromRole_to_format">
                        <PropertyRef Name="Id"/>
                    </Principal>
                    <Dependent Role="ToRole_to_format">
                        <PropertyRef Name="Id"/>
                    </Dependent>
                </ReferentialConstraint>
            </Association>
            <Association Name="to_tablecolumns" sap:content-version="1">
                <End Type="cds_zodpu_srv.SAP__DocumentDescription" Multiplicity="1" Role="FromRole_to_tablecolumns"/>
                <End Type="cds_zodpu_srv.SAP__TableColumns" Multiplicity="*" Role="ToRole_to_tablecolumns"/>
                <ReferentialConstraint>
                    <Principal Role="FromRole_to_tablecolumns">
                        <PropertyRef Name="Id"/>
                    </Principal>
                    <Dependent Role="ToRole_to_tablecolumns">
                        <PropertyRef Name="Id"/>
                    </Dependent>
                </ReferentialConstraint>
            </Association>
            <Association Name="to_coverpage" sap:content-version="1">
                <End Type="cds_zodpu_srv.SAP__DocumentDescription" Multiplicity="1" Role="FromRole_to_coverpage"/>
                <End Type="cds_zodpu_srv.SAP__CoverPage" Multiplicity="*" Role="ToRole_to_coverpage"/>
                <ReferentialConstraint>
                    <Principal Role="FromRole_to_coverpage">
                        <PropertyRef Name="Id"/>
                    </Principal>
                    <Dependent Role="ToRole_to_coverpage">
                        <PropertyRef Name="Id"/>
                    </Dependent>
                </ReferentialConstraint>
            </Association>
            <Association Name="to_signature" sap:content-version="1">
                <End Type="cds_zodpu_srv.SAP__DocumentDescription" Multiplicity="1" Role="FromRole_to_signature"/>
                <End Type="cds_zodpu_srv.SAP__Signature" Multiplicity="1" Role="ToRole_to_signature"/>
                <ReferentialConstraint>
                    <Principal Role="FromRole_to_signature">
                        <PropertyRef Name="Id"/>
                    </Principal>
                    <Dependent Role="ToRole_to_signature">
                        <PropertyRef Name="Id"/>
                    </Dependent>
                </ReferentialConstraint>
            </Association>
            <Association Name="to_pdfstandard" sap:content-version="1">
                <End Type="cds_zodpu_srv.SAP__DocumentDescription" Multiplicity="1" Role="FromRole_to_pdfstandard"/>
                <End Type="cds_zodpu_srv.SAP__PDFStandard" Multiplicity="1" Role="ToRole_to_pdfstandard"/>
                <ReferentialConstraint>
                    <Principal Role="FromRole_to_pdfstandard">
                        <PropertyRef Name="Id"/>
                    </Principal>
                    <Dependent Role="ToRole_to_pdfstandard">
                        <PropertyRef Name="Id"/>
                    </Dependent>
                </ReferentialConstraint>
            </Association>
            <EntityContainer Name="cds_zodpu_srv_Entities" m:IsDefaultEntityContainer="true" sap:message-scope-supported="true" sap:supported-formats="atom json xlsx pdf">
                <EntitySet Name="SAP__FormatSet" EntityType="cds_zodpu_srv.SAP__Format" sap:creatable="false" sap:updatable="false" sap:deletable="false" sap:pageable="false" sap:addressable="false" sap:content-version="1"/>
                <EntitySet Name="SAP__PDFStandardSet" EntityType="cds_zodpu_srv.SAP__PDFStandard" sap:creatable="false" sap:updatable="false" sap:deletable="false" sap:pageable="false" sap:addressable="false" sap:content-version="1"/>
                <EntitySet Name="SAP__TableColumnsSet" EntityType="cds_zodpu_srv.SAP__TableColumns" sap:creatable="false" sap:updatable="false" sap:deletable="false" sap:pageable="false" sap:addressable="false" sap:content-version="1"/>
                <EntitySet Name="SAP__CoverPageSet" EntityType="cds_zodpu_srv.SAP__CoverPage" sap:creatable="false" sap:updatable="false" sap:deletable="false" sap:pageable="false" sap:addressable="false" sap:content-version="1"/>
                <EntitySet Name="SAP__SignatureSet" EntityType="cds_zodpu_srv.SAP__Signature" sap:creatable="false" sap:updatable="false" sap:deletable="false" sap:pageable="false" sap:addressable="false" sap:content-version="1"/>
                <EntitySet Name="SAP__ValueHelpSet" EntityType="cds_zodpu_srv.SAP__ValueHelp" sap:content-version="1"/>
                <EntitySet Name="apcSet" EntityType="cds_zodpu_srv.apcSetType" sap:creatable="false" sap:updatable="false" sap:deletable="false" sap:content-version="1"/>
                <EntitySet Name="serviceSet" EntityType="cds_zodpu_srv.serviceSetType" sap:creatable="false" sap:updatable="false" sap:deletable="false" sap:content-version="1"/>
                <EntitySet Name="odataProjectSet" EntityType="cds_zodpu_srv.odataProjectSetType" sap:content-version="1" sap:deletable-path="Delete_mc" sap:updatable-path="Update_mc"/>
                <EntitySet Name="SAP__Currencies" EntityType="cds_zodpu_srv.SAP__Currency" sap:content-version="1"/>
                <EntitySet Name="SAP__UnitsOfMeasure" EntityType="cds_zodpu_srv.SAP__UnitOfMeasure" sap:content-version="1"/>
                <EntitySet Name="SAP__MyDocumentDescriptions" EntityType="cds_zodpu_srv.SAP__DocumentDescription" sap:content-version="1"/>
                <AssociationSet Name="to_formatSet" Association="cds_zodpu_srv.to_format" sap:creatable="false" sap:updatable="false" sap:deletable="false" sap:content-version="1">
                    <End EntitySet="SAP__MyDocumentDescriptions" Role="FromRole_to_format"/>
                    <End EntitySet="SAP__FormatSet" Role="ToRole_to_format"/>
                </AssociationSet>
                <AssociationSet Name="to_pdfstandardSet" Association="cds_zodpu_srv.to_pdfstandard" sap:creatable="false" sap:updatable="false" sap:deletable="false" sap:content-version="1">
                    <End EntitySet="SAP__MyDocumentDescriptions" Role="FromRole_to_pdfstandard"/>
                    <End EntitySet="SAP__PDFStandardSet" Role="ToRole_to_pdfstandard"/>
                </AssociationSet>
                <AssociationSet Name="to_tablecolumnsSet" Association="cds_zodpu_srv.to_tablecolumns" sap:creatable="false" sap:updatable="false" sap:deletable="false" sap:content-version="1">
                    <End EntitySet="SAP__MyDocumentDescriptions" Role="FromRole_to_tablecolumns"/>
                    <End EntitySet="SAP__TableColumnsSet" Role="ToRole_to_tablecolumns"/>
                </AssociationSet>
                <AssociationSet Name="to_signatureSet" Association="cds_zodpu_srv.to_signature" sap:creatable="false" sap:updatable="false" sap:deletable="false" sap:content-version="1">
                    <End EntitySet="SAP__MyDocumentDescriptions" Role="FromRole_to_signature"/>
                    <End EntitySet="SAP__SignatureSet" Role="ToRole_to_signature"/>
                </AssociationSet>
                <AssociationSet Name="to_coverpageSet" Association="cds_zodpu_srv.to_coverpage" sap:creatable="false" sap:updatable="false" sap:deletable="false" sap:content-version="1">
                    <End EntitySet="SAP__MyDocumentDescriptions" Role="FromRole_to_coverpage"/>
                    <End EntitySet="SAP__CoverPageSet" Role="ToRole_to_coverpage"/>
                </AssociationSet>
            </EntityContainer>
            <Annotation Term="Core.SchemaVersion" String="1.0.0" xmlns="http://docs.oasis-open.org/odata/ns/edm"/>
            <Annotations Target="cds_zodpu_srv.cds_zodpu_srv_Entities" xmlns="http://docs.oasis-open.org/odata/ns/edm">
                <Annotation Term="Common.ApplyMultiUnitBehaviorForSortingAndFiltering" Bool="true"/>
            </Annotations>
            <Annotations Target="cds_zodpu_srv.cds_zodpu_srv_Entities/odataProjectSet" xmlns="http://docs.oasis-open.org/odata/ns/edm">
                <Annotation Term="Capabilities.FilterRestrictions">
                    <Record>
                        <PropertyValue Property="NonFilterableProperties">
                            <Collection>
                                <PropertyPath>Delete_mc</PropertyPath>
                                <PropertyPath>Update_mc</PropertyPath>
                            </Collection>
                        </PropertyValue>
                    </Record>
                </Annotation>
                <Annotation Term="SAP__core.OptimisticConcurrency">
                    <Collection/>
                </Annotation>
                <Annotation Term="Capabilities.SortRestrictions">
                    <Record>
                        <PropertyValue Property="NonSortableProperties">
                            <Collection>
                                <PropertyPath>Delete_mc</PropertyPath>
                                <PropertyPath>Update_mc</PropertyPath>
                            </Collection>
                        </PropertyValue>
                    </Record>
                </Annotation>
            </Annotations>
            <Annotations Target="cds_zodpu_srv.cds_zodpu_srv_Entities/serviceSet" xmlns="http://docs.oasis-open.org/odata/ns/edm">
                <Annotation Term="Capabilities.FilterRestrictions">
                    <Record>
                        <PropertyValue Property="FilterExpressionRestrictions">
                            <Collection>
                                <Record>
                                    <PropertyValue Property="Property" PropertyPath="ServiceName"/>
                                    <PropertyValue Property="AllowedExpressions" String="SearchExpression"/>
                                </Record>
                                <Record>
                                    <PropertyValue Property="Property" PropertyPath="ServicePath"/>
                                    <PropertyValue Property="AllowedExpressions" String="SearchExpression"/>
                                </Record>
                            </Collection>
                        </PropertyValue>
                    </Record>
                </Annotation>
                <Annotation Term="Capabilities.SortRestrictions">
                    <Record>
                        <PropertyValue Property="NonSortableProperties">
                            <Collection>
                                <PropertyPath>ServiceName</PropertyPath>
                                <PropertyPath>ServicePath</PropertyPath>
                            </Collection>
                        </PropertyValue>
                    </Record>
                </Annotation>
            </Annotations>
            <Annotations Target="cds_zodpu_srv.cds_zodpu_srv_Entities" xmlns="http://docs.oasis-open.org/odata/ns/edm">
                <Annotation Term="Org.OData.Capabilities.V1.BatchSupport">
                    <Record Type="Org.OData.Capabilities.V1.BatchSupportType">
                        <PropertyValue Property="ReferencesAcrossChangeSetsSupported" Bool="true"/>
                    </Record>
                </Annotation>
                <Annotation Term="SAP__CodeList.CurrencyCodes">
                    <Record>
                        <PropertyValue Property="Url" String="./$metadata"/>
                        <PropertyValue Property="CollectionPath" String="SAP__Currencies"/>
                    </Record>
                </Annotation>
                <Annotation Term="SAP__CodeList.UnitsOfMeasure">
                    <Record>
                        <PropertyValue Property="Url" String="./$metadata"/>
                        <PropertyValue Property="CollectionPath" String="SAP__UnitsOfMeasure"/>
                    </Record>
                </Annotation>
                <Annotation Term="SAP__PDF.Features">
                    <Record>
                        <PropertyValue Property="DocumentDescriptionReference" String="./$metadata"/>
                        <PropertyValue Property="DocumentDescriptionCollection" String="SAP__MyDocumentDescriptions"/>
                        <PropertyValue Property="ArchiveFormat" Bool="true"/>
                        <PropertyValue Property="CoverPage" Bool="true"/>
                        <PropertyValue Property="Signature" Bool="true"/>
                        <PropertyValue Property="FitToPage" Bool="true"/>
                        <PropertyValue Property="FontName" Bool="true"/>
                        <PropertyValue Property="FontSize" Bool="true"/>
                        <PropertyValue Property="Margin" Bool="true"/>
                        <PropertyValue Property="Border" Bool="true"/>
                        <PropertyValue Property="ResultSizeDefault" Int="20000"/>
                        <PropertyValue Property="ResultSizeMaximum" Int="20000"/>
                    </Record>
                </Annotation>
                <Annotation Term="SAP__CodeList.SAP__DocumentDescription">
                    <Record>
                        <PropertyValue Property="Url" String="./$metadata"/>
                        <PropertyValue Property="CollectionPath" String="SAP__MyDocumentDescriptions"/>
                    </Record>
                </Annotation>
            </Annotations>
            <Annotations Target="cds_zodpu_srv.SAP__Currency/CurrencyCode" xmlns="http://docs.oasis-open.org/odata/ns/edm">
                <Annotation Term="SAP__common.Text" Path="Text"/>
                <Annotation Term="SAP__common.UnitSpecificScale" Path="DecimalPlaces"/>
                <Annotation Term="SAP__CodeList.StandardCode" Path="ISOCode"/>
            </Annotations>
            <Annotations Target="cds_zodpu_srv.SAP__UnitOfMeasure/UnitCode" xmlns="http://docs.oasis-open.org/odata/ns/edm">
                <Annotation Term="SAP__common.Text" Path="Text"/>
                <Annotation Term="SAP__common.UnitSpecificScale" Path="DecimalPlaces"/>
                <Annotation Term="SAP__CodeList.StandardCode" Path="ISOCode"/>
                <Annotation Term="SAP__CodeList.ExternalCode" Path="ExternalCode"/>
            </Annotations>
            <Annotations Target="cds_zodpu_srv.SAP__UnitOfMeasure" xmlns="http://docs.oasis-open.org/odata/ns/edm">
                <Annotation Term="SAP__core.AlternateKeys">
                    <Collection>
                        <Record>
                            <PropertyValue Property="Key">
                                <Collection>
                                    <Record>
                                        <PropertyValue Property="Name" Path="ExternalCode"/>
                                        <PropertyValue Property="Alias" String="ExternalCode"/>
                                    </Record>
                                </Collection>
                            </PropertyValue>
                        </Record>
                    </Collection>
                </Annotation>
            </Annotations>
            <Annotations Target="cds_zodpu_srv.SAP__DocumentDescription/CreatedBy" xmlns="http://docs.oasis-open.org/odata/ns/edm">
                <Annotation Term="SAP__core.Computed"/>
            </Annotations>
            <Annotations Target="cds_zodpu_srv.SAP__DocumentDescription/CreatedAt" xmlns="http://docs.oasis-open.org/odata/ns/edm">
                <Annotation Term="SAP__core.Computed"/>
            </Annotations>
            <Annotations Target="cds_zodpu_srv.SAP__DocumentDescription" xmlns="http://docs.oasis-open.org/odata/ns/edm">
                <Annotation Term="SAP__capabilties.InsertRestrictions">
                    <Record>
                        <PropertyValue Property="Insertable" Bool="false"/>
                    </Record>
                </Annotation>
                <Annotation Term="SAP__capabilties.UpdateRestrictions">
                    <Record>
                        <PropertyValue Property="Updatable" Bool="false"/>
                        <PropertyValue Property="QueryOptions">
                            <Record>
                                <PropertyValue Property="SelectSupported" Bool="true"/>
                            </Record>
                        </PropertyValue>
                    </Record>
                </Annotation>
                <Annotation Term="SAP__capabilties.DeleteRestrictions">
                    <Record>
                        <PropertyValue Property="Deletable" Bool="false"/>
                    </Record>
                </Annotation>
                <Annotation Term="SAP__capabilties.FilterRestrictions">
                    <Record>
                        <PropertyValue Property="FilterExpressionRestrictions">
                            <Collection>
                                <Record>
                                    <PropertyValue Property="Property" PropertyPath="Format/Orientation"/>
                                    <PropertyValue Property="AllowedExpressions" String="Multivalue"/>
                                </Record>
                                <Record>
                                    <PropertyValue Property="Property" PropertyPath="Format/PaperSize"/>
                                    <PropertyValue Property="AllowedExpressions" String="Multivalue"/>
                                </Record>
                            </Collection>
                        </PropertyValue>
                    </Record>
                </Annotation>
            </Annotations>
            <Annotations Target="cds_zodpu_srv.SAP__Format/FitToPage/ErrorRecoveryBehavior" xmlns="http://docs.oasis-open.org/odata/ns/edm">
                <Annotation Term="SAP__common.ValueListReferences">
                    <Record>
                        <PropertyValue Property="Url" String="./$metadata"/>
                        <PropertyValue Property="CollectionPath" String="../../../../SAP__ValueHelpSet?$filter=VALUEHELP%20eq%20%27ErrorRecoveryBehaviour%27"/>
                    </Record>
                </Annotation>
                <Annotation Term="SAP__common.ValueListWithFixedValues"/>
            </Annotations>
            <Annotations Target="cds_zodpu_srv.SAP__Format/FontName" xmlns="http://docs.oasis-open.org/odata/ns/edm">
                <Annotation Term="SAP__common.ValueListReferences">
                    <Record>
                        <PropertyValue Property="Url" String="./$metadata"/>
                        <PropertyValue Property="CollectionPath" String="SAP__ValueHelpSet?$filter=VALUEHELP%20eq%20%27FontName%27"/>
                    </Record>
                </Annotation>
                <Annotation Term="SAP__common.ValueListWithFixedValues"/>
            </Annotations>
            <Annotations Target="cds_zodpu_srv.SAP__Format/PaperSize" xmlns="http://docs.oasis-open.org/odata/ns/edm">
                <Annotation Term="SAP__common.ValueListReferences">
                    <Record>
                        <PropertyValue Property="Url" String="./$metadata"/>
                        <PropertyValue Property="CollectionPath" String="SAP__ValueHelpSet?$filter=VALUEHELP%20eq%20%27PaperSize%27"/>
                    </Record>
                </Annotation>
                <Annotation Term="SAP__common.ValueListWithFixedValues"/>
            </Annotations>
            <Annotations Target="cds_zodpu_srv.SAP__Format/Orientation" xmlns="http://docs.oasis-open.org/odata/ns/edm">
                <Annotation Term="SAP__common.ValueListReferences">
                    <Record>
                        <PropertyValue Property="Url" String="./$metadata"/>
                        <PropertyValue Property="CollectionPath" String="SAP__ValueHelpSet?$filter=VALUEHELP%20eq%20%27FontName%27"/>
                    </Record>
                </Annotation>
                <Annotation Term="SAP__common.ValueListWithFixedValues"/>
            </Annotations>
            <Annotations Target="cds_zodpu_srv.SAP__TableColumns/HorizontalAlignment" xmlns="http://docs.oasis-open.org/odata/ns/edm">
                <Annotation Term="SAP__common.ValueListReferences">
                    <Record>
                        <PropertyValue Property="Url" String="./$metadata"/>
                        <PropertyValue Property="CollectionPath" String="SAP__ValueHelpSet?$filter=VALUEHELP%20eq%20%27HorizontalAlignment%27"/>
                    </Record>
                </Annotation>
                <Annotation Term="SAP__common.ValueListWithFixedValues"/>
            </Annotations>
            <atom:link rel="self" href="https://a4h.kernich.de/sap/opu/odata/sap/ZODPU_O2/$metadata" xmlns:atom="http://www.w3.org/2005/Atom"/>
            <atom:link rel="latest-version" href="https://a4h.kernich.de/sap/opu/odata/sap/ZODPU_O2/$metadata" xmlns:atom="http://www.w3.org/2005/Atom"/>
        </Schema>
    </edmx:DataServices>
</edmx:Edmx>